"Auftragskonto";"Buchungstag";"Valutadatum";"Buchungstext";"Verwendungszweck";"Glaeubiger ID";"Mandatsreferenz";"Kundenreferenz (End-to-End)";"Sammlerreferenz";"Lastschrift Ursprungsbetrag";"Auslagenersatz Ruecklastschrift";"Beguenstigter/Zahlungspflichtiger";"Kontonummer/IBAN";"BIC (SWIFT-Code)";"Betrag";"Waehrung";"Info"
"DE00123456789012345678";"03.01.25";"03.01.25";"FOLGELASTSCHRIFT";"Netflix Abonnement Mitgliedschaft";"NL92ZZZ334088280000";"NFLX-4471";"";"";"";"";"Netflix International B.V.";"DE00500105170000000000";"GENODEF1XXX";"-12,99";"EUR";"Umsatz gebucht"
"DE00123456789012345678";"05.01.25";"05.01.25";"FOLGELASTSCHRIFT";"Spotify Premium";"LU96ZZZ0000000000000000058";"SPOT-99812";"";"";"";"";"Spotify AB";"DE00500105170000000000";"GENODEF1XXX";"-9,99";"EUR";"Umsatz gebucht"
"DE00123456789012345678";"01.01.25";"01.01.25";"FOLGELASTSCHRIFT";"Mitgliedsbeitrag Studio";"DE98ZZZ09999999999";"FITX-2024-771";"";"";"";"";"FitX Deutschland GmbH";"DE00500105170000000000";"GENODEF1XXX";"-29,90";"EUR";"Umsatz gebucht"
"DE00123456789012345678";"15.01.25";"15.01.25";"FOLGELASTSCHRIFT";"Abschlag Strom Kundennr 7782341";"DE00ZZZ00000123456";"SWLG-STROM-7782341";"";"";"";"";"Stadtwerke Lueneburg GmbH";"DE00500105170000000000";"GENODEF1XXX";"-89,00";"EUR";"Umsatz gebucht"
"DE00123456789012345678";"28.01.25";"28.01.25";"GUTSCHRIFT";"Gehalt Lohn/Gehalt";"";"";"";"";"";"";"Beispiel Arbeitgeber GmbH";"DE00500105170000000000";"GENODEF1XXX";"2800,00";"EUR";"Umsatz gebucht"
"DE00123456789012345678";"08.01.25";"08.01.25";"KARTENZAHLUNG";"REWE SAGT DANKE";"";"";"";"";"";"";"REWE Markt GmbH";"DE00500105170000000000";"GENODEF1XXX";"-23,45";"EUR";"Umsatz gebucht"
"DE00123456789012345678";"22.01.25";"22.01.25";"KARTENZAHLUNG";"REWE SAGT DANKE";"";"";"";"";"";"";"REWE Markt GmbH";"DE00500105170000000000";"GENODEF1XXX";"-67,12";"EUR";"Umsatz gebucht"
"DE00123456789012345678";"03.02.25";"03.02.25";"FOLGELASTSCHRIFT";"Netflix Abonnement Mitgliedschaft";"NL92ZZZ334088280000";"NFLX-4471";"";"";"";"";"Netflix International B.V.";"DE00500105170000000000";"GENODEF1XXX";"-12,99";"EUR";"Umsatz gebucht"
"DE00123456789012345678";"05.02.25";"05.02.25";"FOLGELASTSCHRIFT";"Spotify Premium";"LU96ZZZ0000000000000000058";"SPOT-99812";"";"";"";"";"Spotify AB";"DE00500105170000000000";"GENODEF1XXX";"-9,99";"EUR";"Umsatz gebucht"
"DE00123456789012345678";"01.02.25";"01.02.25";"FOLGELASTSCHRIFT";"Mitgliedsbeitrag Studio";"DE98ZZZ09999999999";"FITX-2024-771";"";"";"";"";"FitX Deutschland GmbH";"DE00500105170000000000";"GENODEF1XXX";"-29,90";"EUR";"Umsatz gebucht"
"DE00123456789012345678";"15.02.25";"15.02.25";"FOLGELASTSCHRIFT";"Abschlag Strom Kundennr 7782341";"DE00ZZZ00000123456";"SWLG-STROM-7782341";"";"";"";"";"Stadtwerke Lueneburg GmbH";"DE00500105170000000000";"GENODEF1XXX";"-92,50";"EUR";"Umsatz gebucht"
"DE00123456789012345678";"28.02.25";"28.02.25";"GUTSCHRIFT";"Gehalt Lohn/Gehalt";"";"";"";"";"";"";"Beispiel Arbeitgeber GmbH";"DE00500105170000000000";"GENODEF1XXX";"2800,00";"EUR";"Umsatz gebucht"
"DE00123456789012345678";"08.02.25";"08.02.25";"KARTENZAHLUNG";"REWE SAGT DANKE";"";"";"";"";"";"";"REWE Markt GmbH";"DE00500105170000000000";"GENODEF1XXX";"-41,90";"EUR";"Umsatz gebucht"
"DE00123456789012345678";"22.02.25";"22.02.25";"KARTENZAHLUNG";"REWE SAGT DANKE";"";"";"";"";"";"";"REWE Markt GmbH";"DE00500105170000000000";"GENODEF1XXX";"-88,30";"EUR";"Umsatz gebucht"
"DE00123456789012345678";"03.03.25";"03.03.25";"FOLGELASTSCHRIFT";"Netflix Abonnement Mitgliedschaft";"NL92ZZZ334088280000";"NFLX-4471";"";"";"";"";"Netflix International B.V.";"DE00500105170000000000";"GENODEF1XXX";"-12,99";"EUR";"Umsatz gebucht"
"DE00123456789012345678";"05.03.25";"05.03.25";"FOLGELASTSCHRIFT";"Spotify Premium";"LU96ZZZ0000000000000000058";"SPOT-99812";"";"";"";"";"Spotify AB";"DE00500105170000000000";"GENODEF1XXX";"-9,99";"EUR";"Umsatz gebucht"
"DE00123456789012345678";"01.03.25";"01.03.25";"FOLGELASTSCHRIFT";"Mitgliedsbeitrag Studio";"DE98ZZZ09999999999";"FITX-2024-771";"";"";"";"";"FitX Deutschland GmbH";"DE00500105170000000000";"GENODEF1XXX";"-29,90";"EUR";"Umsatz gebucht"
"DE00123456789012345678";"15.03.25";"15.03.25";"FOLGELASTSCHRIFT";"Abschlag Strom Kundennr 7782341";"DE00ZZZ00000123456";"SWLG-STROM-7782341";"";"";"";"";"Stadtwerke Lueneburg GmbH";"DE00500105170000000000";"GENODEF1XXX";"-95,00";"EUR";"Umsatz gebucht"
"DE00123456789012345678";"28.03.25";"28.03.25";"GUTSCHRIFT";"Gehalt Lohn/Gehalt";"";"";"";"";"";"";"Beispiel Arbeitgeber GmbH";"DE00500105170000000000";"GENODEF1XXX";"2800,00";"EUR";"Umsatz gebucht"
"DE00123456789012345678";"08.03.25";"08.03.25";"KARTENZAHLUNG";"REWE SAGT DANKE";"";"";"";"";"";"";"REWE Markt GmbH";"DE00500105170000000000";"GENODEF1XXX";"-19,99";"EUR";"Umsatz gebucht"
"DE00123456789012345678";"22.03.25";"22.03.25";"KARTENZAHLUNG";"REWE SAGT DANKE";"";"";"";"";"";"";"REWE Markt GmbH";"DE00500105170000000000";"GENODEF1XXX";"-54,60";"EUR";"Umsatz gebucht"
"DE00123456789012345678";"03.04.25";"03.04.25";"FOLGELASTSCHRIFT";"Netflix Abonnement Mitgliedschaft";"NL92ZZZ334088280000";"NFLX-4471";"";"";"";"";"Netflix International B.V.";"DE00500105170000000000";"GENODEF1XXX";"-12,99";"EUR";"Umsatz gebucht"
"DE00123456789012345678";"05.04.25";"05.04.25";"FOLGELASTSCHRIFT";"Spotify Premium";"LU96ZZZ0000000000000000058";"SPOT-99812";"";"";"";"";"Spotify AB";"DE00500105170000000000";"GENODEF1XXX";"-9,99";"EUR";"Umsatz gebucht"
"DE00123456789012345678";"01.04.25";"01.04.25";"FOLGELASTSCHRIFT";"Mitgliedsbeitrag Studio";"DE98ZZZ09999999999";"FITX-2024-771";"";"";"";"";"FitX Deutschland GmbH";"DE00500105170000000000";"GENODEF1XXX";"-29,90";"EUR";"Umsatz gebucht"
"DE00123456789012345678";"15.04.25";"15.04.25";"FOLGELASTSCHRIFT";"Abschlag Strom Kundennr 7782341";"DE00ZZZ00000123456";"SWLG-STROM-7782341";"";"";"";"";"Stadtwerke Lueneburg GmbH";"DE00500105170000000000";"GENODEF1XXX";"-91,00";"EUR";"Umsatz gebucht"
"DE00123456789012345678";"28.04.25";"28.04.25";"GUTSCHRIFT";"Gehalt Lohn/Gehalt";"";"";"";"";"";"";"Beispiel Arbeitgeber GmbH";"DE00500105170000000000";"GENODEF1XXX";"2800,00";"EUR";"Umsatz gebucht"
"DE00123456789012345678";"08.04.25";"08.04.25";"KARTENZAHLUNG";"REWE SAGT DANKE";"";"";"";"";"";"";"REWE Markt GmbH";"DE00500105170000000000";"GENODEF1XXX";"-72,15";"EUR";"Umsatz gebucht"
"DE00123456789012345678";"22.04.25";"22.04.25";"KARTENZAHLUNG";"REWE SAGT DANKE";"";"";"";"";"";"";"REWE Markt GmbH";"DE00500105170000000000";"GENODEF1XXX";"-33,40";"EUR";"Umsatz gebucht"
"DE00123456789012345678";"03.05.25";"03.05.25";"FOLGELASTSCHRIFT";"Netflix Abonnement Mitgliedschaft";"NL92ZZZ334088280000";"NFLX-4471";"";"";"";"";"Netflix International B.V.";"DE00500105170000000000";"GENODEF1XXX";"-12,99";"EUR";"Umsatz gebucht"
"DE00123456789012345678";"05.05.25";"05.05.25";"FOLGELASTSCHRIFT";"Spotify Premium";"LU96ZZZ0000000000000000058";"SPOT-99812";"";"";"";"";"Spotify AB";"DE00500105170000000000";"GENODEF1XXX";"-9,99";"EUR";"Umsatz gebucht"
"DE00123456789012345678";"01.05.25";"01.05.25";"FOLGELASTSCHRIFT";"Mitgliedsbeitrag Studio";"DE98ZZZ09999999999";"FITX-2024-771";"";"";"";"";"FitX Deutschland GmbH";"DE00500105170000000000";"GENODEF1XXX";"-29,90";"EUR";"Umsatz gebucht"
"DE00123456789012345678";"15.05.25";"15.05.25";"FOLGELASTSCHRIFT";"Abschlag Strom Kundennr 7782341";"DE00ZZZ00000123456";"SWLG-STROM-7782341";"";"";"";"";"Stadtwerke Lueneburg GmbH";"DE00500105170000000000";"GENODEF1XXX";"-89,00";"EUR";"Umsatz gebucht"
"DE00123456789012345678";"28.05.25";"28.05.25";"GUTSCHRIFT";"Gehalt Lohn/Gehalt";"";"";"";"";"";"";"Beispiel Arbeitgeber GmbH";"DE00500105170000000000";"GENODEF1XXX";"2800,00";"EUR";"Umsatz gebucht"
"DE00123456789012345678";"08.05.25";"08.05.25";"KARTENZAHLUNG";"REWE SAGT DANKE";"";"";"";"";"";"";"REWE Markt GmbH";"DE00500105170000000000";"GENODEF1XXX";"-61,80";"EUR";"Umsatz gebucht"
"DE00123456789012345678";"22.05.25";"22.05.25";"KARTENZAHLUNG";"REWE SAGT DANKE";"";"";"";"";"";"";"REWE Markt GmbH";"DE00500105170000000000";"GENODEF1XXX";"-27,95";"EUR";"Umsatz gebucht"
"DE00123456789012345678";"03.06.25";"03.06.25";"FOLGELASTSCHRIFT";"Netflix Abonnement Mitgliedschaft";"NL92ZZZ334088280000";"NFLX-4471";"";"";"";"";"Netflix International B.V.";"DE00500105170000000000";"GENODEF1XXX";"-12,99";"EUR";"Umsatz gebucht"
"DE00123456789012345678";"05.06.25";"05.06.25";"FOLGELASTSCHRIFT";"Spotify Premium";"LU96ZZZ0000000000000000058";"SPOT-99812";"";"";"";"";"Spotify AB";"DE00500105170000000000";"GENODEF1XXX";"-9,99";"EUR";"Umsatz gebucht"
"DE00123456789012345678";"01.06.25";"01.06.25";"FOLGELASTSCHRIFT";"Mitgliedsbeitrag Studio";"DE98ZZZ09999999999";"FITX-2024-771";"";"";"";"";"FitX Deutschland GmbH";"DE00500105170000000000";"GENODEF1XXX";"-29,90";"EUR";"Umsatz gebucht"
"DE00123456789012345678";"15.06.25";"15.06.25";"FOLGELASTSCHRIFT";"Abschlag Strom Kundennr 7782341";"DE00ZZZ00000123456";"SWLG-STROM-7782341";"";"";"";"";"Stadtwerke Lueneburg GmbH";"DE00500105170000000000";"GENODEF1XXX";"-92,50";"EUR";"Umsatz gebucht"
"DE00123456789012345678";"28.06.25";"28.06.25";"GUTSCHRIFT";"Gehalt Lohn/Gehalt";"";"";"";"";"";"";"Beispiel Arbeitgeber GmbH";"DE00500105170000000000";"GENODEF1XXX";"2800,00";"EUR";"Umsatz gebucht"
"DE00123456789012345678";"08.06.25";"08.06.25";"KARTENZAHLUNG";"REWE SAGT DANKE";"";"";"";"";"";"";"REWE Markt GmbH";"DE00500105170000000000";"GENODEF1XXX";"-49,50";"EUR";"Umsatz gebucht"
"DE00123456789012345678";"22.06.25";"22.06.25";"KARTENZAHLUNG";"REWE SAGT DANKE";"";"";"";"";"";"";"REWE Markt GmbH";"DE00500105170000000000";"GENODEF1XXX";"-95,20";"EUR";"Umsatz gebucht"
"DE00123456789012345678";"03.07.25";"03.07.25";"FOLGELASTSCHRIFT";"Netflix Abonnement Mitgliedschaft";"NL92ZZZ334088280000";"NFLX-4471";"";"";"";"";"Netflix International B.V.";"DE00500105170000000000";"GENODEF1XXX";"-12,99";"EUR";"Umsatz gebucht"
"DE00123456789012345678";"05.07.25";"05.07.25";"FOLGELASTSCHRIFT";"Spotify Premium";"LU96ZZZ0000000000000000058";"SPOT-99812";"";"";"";"";"Spotify AB";"DE00500105170000000000";"GENODEF1XXX";"-9,99";"EUR";"Umsatz gebucht"
"DE00123456789012345678";"01.07.25";"01.07.25";"FOLGELASTSCHRIFT";"Mitgliedsbeitrag Studio";"DE98ZZZ09999999999";"FITX-2024-771";"";"";"";"";"FitX Deutschland GmbH";"DE00500105170000000000";"GENODEF1XXX";"-29,90";"EUR";"Umsatz gebucht"
"DE00123456789012345678";"15.07.25";"15.07.25";"FOLGELASTSCHRIFT";"Abschlag Strom Kundennr 7782341";"DE00ZZZ00000123456";"SWLG-STROM-7782341";"";"";"";"";"Stadtwerke Lueneburg GmbH";"DE00500105170000000000";"GENODEF1XXX";"-95,00";"EUR";"Umsatz gebucht"
"DE00123456789012345678";"28.07.25";"28.07.25";"GUTSCHRIFT";"Gehalt Lohn/Gehalt";"";"";"";"";"";"";"Beispiel Arbeitgeber GmbH";"DE00500105170000000000";"GENODEF1XXX";"2800,00";"EUR";"Umsatz gebucht"
"DE00123456789012345678";"08.07.25";"08.07.25";"KARTENZAHLUNG";"REWE SAGT DANKE";"";"";"";"";"";"";"REWE Markt GmbH";"DE00500105170000000000";"GENODEF1XXX";"-38,70";"EUR";"Umsatz gebucht"
"DE00123456789012345678";"22.07.25";"22.07.25";"KARTENZAHLUNG";"REWE SAGT DANKE";"";"";"";"";"";"";"REWE Markt GmbH";"DE00500105170000000000";"GENODEF1XXX";"-70,05";"EUR";"Umsatz gebucht"
"DE00123456789012345678";"03.08.25";"03.08.25";"FOLGELASTSCHRIFT";"Netflix Abonnement Mitgliedschaft";"NL92ZZZ334088280000";"NFLX-4471";"";"";"";"";"Netflix International B.V.";"DE00500105170000000000";"GENODEF1XXX";"-13,99";"EUR";"Umsatz gebucht"
"DE00123456789012345678";"05.08.25";"05.08.25";"FOLGELASTSCHRIFT";"Spotify Premium";"LU96ZZZ0000000000000000058";"SPOT-99812";"";"";"";"";"Spotify AB";"DE00500105170000000000";"GENODEF1XXX";"-9,99";"EUR";"Umsatz gebucht"
"DE00123456789012345678";"01.08.25";"01.08.25";"FOLGELASTSCHRIFT";"Mitgliedsbeitrag Studio";"DE98ZZZ09999999999";"FITX-2024-771";"";"";"";"";"FitX Deutschland GmbH";"DE00500105170000000000";"GENODEF1XXX";"-29,90";"EUR";"Umsatz gebucht"
"DE00123456789012345678";"15.08.25";"15.08.25";"FOLGELASTSCHRIFT";"Abschlag Strom Kundennr 7782341";"DE00ZZZ00000123456";"SWLG-STROM-7782341";"";"";"";"";"Stadtwerke Lueneburg GmbH";"DE00500105170000000000";"GENODEF1XXX";"-91,00";"EUR";"Umsatz gebucht"
"DE00123456789012345678";"28.08.25";"28.08.25";"GUTSCHRIFT";"Gehalt Lohn/Gehalt";"";"";"";"";"";"";"Beispiel Arbeitgeber GmbH";"DE00500105170000000000";"GENODEF1XXX";"2800,00";"EUR";"Umsatz gebucht"
"DE00123456789012345678";"08.08.25";"08.08.25";"KARTENZAHLUNG";"REWE SAGT DANKE";"";"";"";"";"";"";"REWE Markt GmbH";"DE00500105170000000000";"GENODEF1XXX";"-44,25";"EUR";"Umsatz gebucht"
"DE00123456789012345678";"22.08.25";"22.08.25";"KARTENZAHLUNG";"REWE SAGT DANKE";"";"";"";"";"";"";"REWE Markt GmbH";"DE00500105170000000000";"GENODEF1XXX";"-81,60";"EUR";"Umsatz gebucht"
"DE00123456789012345678";"03.09.25";"03.09.25";"FOLGELASTSCHRIFT";"Netflix Abonnement Mitgliedschaft";"NL92ZZZ334088280000";"NFLX-4471";"";"";"";"";"Netflix International B.V.";"DE00500105170000000000";"GENODEF1XXX";"-13,99";"EUR";"Umsatz gebucht"
"DE00123456789012345678";"05.09.25";"05.09.25";"FOLGELASTSCHRIFT";"Spotify Premium";"LU96ZZZ0000000000000000058";"SPOT-99812";"";"";"";"";"Spotify AB";"DE00500105170000000000";"GENODEF1XXX";"-9,99";"EUR";"Umsatz gebucht"
"DE00123456789012345678";"01.09.25";"01.09.25";"FOLGELASTSCHRIFT";"Mitgliedsbeitrag Studio";"DE98ZZZ09999999999";"FITX-2024-771";"";"";"";"";"FitX Deutschland GmbH";"DE00500105170000000000";"GENODEF1XXX";"-29,90";"EUR";"Umsatz gebucht"
"DE00123456789012345678";"15.09.25";"15.09.25";"FOLGELASTSCHRIFT";"Abschlag Strom Kundennr 7782341";"DE00ZZZ00000123456";"SWLG-STROM-7782341";"";"";"";"";"Stadtwerke Lueneburg GmbH";"DE00500105170000000000";"GENODEF1XXX";"-89,00";"EUR";"Umsatz gebucht"
"DE00123456789012345678";"28.09.25";"28.09.25";"GUTSCHRIFT";"Gehalt Lohn/Gehalt";"";"";"";"";"";"";"Beispiel Arbeitgeber GmbH";"DE00500105170000000000";"GENODEF1XXX";"2800,00";"EUR";"Umsatz gebucht"
"DE00123456789012345678";"08.09.25";"08.09.25";"KARTENZAHLUNG";"REWE SAGT DANKE";"";"";"";"";"";"";"REWE Markt GmbH";"DE00500105170000000000";"GENODEF1XXX";"-29,90";"EUR";"Umsatz gebucht"
"DE00123456789012345678";"22.09.25";"22.09.25";"KARTENZAHLUNG";"REWE SAGT DANKE";"";"";"";"";"";"";"REWE Markt GmbH";"DE00500105170000000000";"GENODEF1XXX";"-58,35";"EUR";"Umsatz gebucht"
"DE00123456789012345678";"03.10.25";"03.10.25";"FOLGELASTSCHRIFT";"Netflix Abonnement Mitgliedschaft";"NL92ZZZ334088280000";"NFLX-4471";"";"";"";"";"Netflix International B.V.";"DE00500105170000000000";"GENODEF1XXX";"-13,99";"EUR";"Umsatz gebucht"
"DE00123456789012345678";"05.10.25";"05.10.25";"FOLGELASTSCHRIFT";"Spotify Premium";"LU96ZZZ0000000000000000058";"SPOT-99812";"";"";"";"";"Spotify AB";"DE00500105170000000000";"GENODEF1XXX";"-9,99";"EUR";"Umsatz gebucht"
"DE00123456789012345678";"01.10.25";"01.10.25";"FOLGELASTSCHRIFT";"Mitgliedsbeitrag Studio";"DE98ZZZ09999999999";"FITX-2024-771";"";"";"";"";"FitX Deutschland GmbH";"DE00500105170000000000";"GENODEF1XXX";"-29,90";"EUR";"Umsatz gebucht"
"DE00123456789012345678";"15.10.25";"15.10.25";"FOLGELASTSCHRIFT";"Abschlag Strom Kundennr 7782341";"DE00ZZZ00000123456";"SWLG-STROM-7782341";"";"";"";"";"Stadtwerke Lueneburg GmbH";"DE00500105170000000000";"GENODEF1XXX";"-92,50";"EUR";"Umsatz gebucht"
"DE00123456789012345678";"28.10.25";"28.10.25";"GUTSCHRIFT";"Gehalt Lohn/Gehalt";"";"";"";"";"";"";"Beispiel Arbeitgeber GmbH";"DE00500105170000000000";"GENODEF1XXX";"2800,00";"EUR";"Umsatz gebucht"
"DE00123456789012345678";"08.10.25";"08.10.25";"KARTENZAHLUNG";"REWE SAGT DANKE";"";"";"";"";"";"";"REWE Markt GmbH";"DE00500105170000000000";"GENODEF1XXX";"-66,40";"EUR";"Umsatz gebucht"
"DE00123456789012345678";"22.10.25";"22.10.25";"KARTENZAHLUNG";"REWE SAGT DANKE";"";"";"";"";"";"";"REWE Markt GmbH";"DE00500105170000000000";"GENODEF1XXX";"-22,10";"EUR";"Umsatz gebucht"
"DE00123456789012345678";"03.11.25";"03.11.25";"FOLGELASTSCHRIFT";"Netflix Abonnement Mitgliedschaft";"NL92ZZZ334088280000";"NFLX-4471";"";"";"";"";"Netflix International B.V.";"DE00500105170000000000";"GENODEF1XXX";"-13,99";"EUR";"Umsatz gebucht"
"DE00123456789012345678";"05.11.25";"05.11.25";"FOLGELASTSCHRIFT";"Spotify Premium";"LU96ZZZ0000000000000000058";"SPOT-99812";"";"";"";"";"Spotify AB";"DE00500105170000000000";"GENODEF1XXX";"-9,99";"EUR";"Umsatz gebucht"
"DE00123456789012345678";"01.11.25";"01.11.25";"FOLGELASTSCHRIFT";"Mitgliedsbeitrag Studio";"DE98ZZZ09999999999";"FITX-2024-771";"";"";"";"";"FitX Deutschland GmbH";"DE00500105170000000000";"GENODEF1XXX";"-29,90";"EUR";"Umsatz gebucht"
"DE00123456789012345678";"15.11.25";"15.11.25";"FOLGELASTSCHRIFT";"Abschlag Strom Kundennr 7782341";"DE00ZZZ00000123456";"SWLG-STROM-7782341";"";"";"";"";"Stadtwerke Lueneburg GmbH";"DE00500105170000000000";"GENODEF1XXX";"-95,00";"EUR";"Umsatz gebucht"
"DE00123456789012345678";"28.11.25";"28.11.25";"GUTSCHRIFT";"Gehalt Lohn/Gehalt";"";"";"";"";"";"";"Beispiel Arbeitgeber GmbH";"DE00500105170000000000";"GENODEF1XXX";"2800,00";"EUR";"Umsatz gebucht"
"DE00123456789012345678";"08.11.25";"08.11.25";"KARTENZAHLUNG";"REWE SAGT DANKE";"";"";"";"";"";"";"REWE Markt GmbH";"DE00500105170000000000";"GENODEF1XXX";"-90,00";"EUR";"Umsatz gebucht"
"DE00123456789012345678";"22.11.25";"22.11.25";"KARTENZAHLUNG";"REWE SAGT DANKE";"";"";"";"";"";"";"REWE Markt GmbH";"DE00500105170000000000";"GENODEF1XXX";"-36,75";"EUR";"Umsatz gebucht"
"DE00123456789012345678";"03.12.25";"03.12.25";"FOLGELASTSCHRIFT";"Netflix Abonnement Mitgliedschaft";"NL92ZZZ334088280000";"NFLX-4471";"";"";"";"";"Netflix International B.V.";"DE00500105170000000000";"GENODEF1XXX";"-13,99";"EUR";"Umsatz gebucht"
"DE00123456789012345678";"05.12.25";"05.12.25";"FOLGELASTSCHRIFT";"Spotify Premium";"LU96ZZZ0000000000000000058";"SPOT-99812";"";"";"";"";"Spotify AB";"DE00500105170000000000";"GENODEF1XXX";"-9,99";"EUR";"Umsatz gebucht"
"DE00123456789012345678";"01.12.25";"01.12.25";"FOLGELASTSCHRIFT";"Mitgliedsbeitrag Studio";"DE98ZZZ09999999999";"FITX-2024-771";"";"";"";"";"FitX Deutschland GmbH";"DE00500105170000000000";"GENODEF1XXX";"-29,90";"EUR";"Umsatz gebucht"
"DE00123456789012345678";"15.12.25";"15.12.25";"FOLGELASTSCHRIFT";"Abschlag Strom Kundennr 7782341";"DE00ZZZ00000123456";"SWLG-STROM-7782341";"";"";"";"";"Stadtwerke Lueneburg GmbH";"DE00500105170000000000";"GENODEF1XXX";"-91,00";"EUR";"Umsatz gebucht"
"DE00123456789012345678";"28.12.25";"28.12.25";"GUTSCHRIFT";"Gehalt Lohn/Gehalt";"";"";"";"";"";"";"Beispiel Arbeitgeber GmbH";"DE00500105170000000000";"GENODEF1XXX";"2800,00";"EUR";"Umsatz gebucht"
"DE00123456789012345678";"08.12.25";"08.12.25";"KARTENZAHLUNG";"REWE SAGT DANKE";"";"";"";"";"";"";"REWE Markt GmbH";"DE00500105170000000000";"GENODEF1XXX";"-53,20";"EUR";"Umsatz gebucht"
"DE00123456789012345678";"22.12.25";"22.12.25";"KARTENZAHLUNG";"REWE SAGT DANKE";"";"";"";"";"";"";"REWE Markt GmbH";"DE00500105170000000000";"GENODEF1XXX";"-77,85";"EUR";"Umsatz gebucht"
"DE00123456789012345678";"03.01.26";"03.01.26";"FOLGELASTSCHRIFT";"Netflix Abonnement Mitgliedschaft";"NL92ZZZ334088280000";"NFLX-4471";"";"";"";"";"Netflix International B.V.";"DE00500105170000000000";"GENODEF1XXX";"-13,99";"EUR";"Umsatz gebucht"
"DE00123456789012345678";"05.01.26";"05.01.26";"FOLGELASTSCHRIFT";"Spotify Premium";"LU96ZZZ0000000000000000058";"SPOT-99812";"";"";"";"";"Spotify AB";"DE00500105170000000000";"GENODEF1XXX";"-9,99";"EUR";"Umsatz gebucht"
"DE00123456789012345678";"01.01.26";"01.01.26";"FOLGELASTSCHRIFT";"Mitgliedsbeitrag Studio";"DE98ZZZ09999999999";"FITX-2024-771";"";"";"";"";"FitX Deutschland GmbH";"DE00500105170000000000";"GENODEF1XXX";"-29,90";"EUR";"Umsatz gebucht"
"DE00123456789012345678";"15.01.26";"15.01.26";"FOLGELASTSCHRIFT";"Abschlag Strom Kundennr 7782341";"DE00ZZZ00000123456";"SWLG-STROM-7782341";"";"";"";"";"Stadtwerke Lueneburg GmbH";"DE00500105170000000000";"GENODEF1XXX";"-89,00";"EUR";"Umsatz gebucht"
"DE00123456789012345678";"28.01.26";"28.01.26";"GUTSCHRIFT";"Gehalt Lohn/Gehalt";"";"";"";"";"";"";"Beispiel Arbeitgeber GmbH";"DE00500105170000000000";"GENODEF1XXX";"2800,00";"EUR";"Umsatz gebucht"
"DE00123456789012345678";"08.01.26";"08.01.26";"KARTENZAHLUNG";"REWE SAGT DANKE";"";"";"";"";"";"";"REWE Markt GmbH";"DE00500105170000000000";"GENODEF1XXX";"-31,60";"EUR";"Umsatz gebucht"
"DE00123456789012345678";"22.01.26";"22.01.26";"KARTENZAHLUNG";"REWE SAGT DANKE";"";"";"";"";"";"";"REWE Markt GmbH";"DE00500105170000000000";"GENODEF1XXX";"-69,40";"EUR";"Umsatz gebucht"
"DE00123456789012345678";"03.02.26";"03.02.26";"FOLGELASTSCHRIFT";"Netflix Abonnement Mitgliedschaft";"NL92ZZZ334088280000";"NFLX-4471";"";"";"";"";"Netflix International B.V.";"DE00500105170000000000";"GENODEF1XXX";"-13,99";"EUR";"Umsatz gebucht"
"DE00123456789012345678";"05.02.26";"05.02.26";"FOLGELASTSCHRIFT";"Spotify Premium";"LU96ZZZ0000000000000000058";"SPOT-99812";"";"";"";"";"Spotify AB";"DE00500105170000000000";"GENODEF1XXX";"-9,99";"EUR";"Umsatz gebucht"
"DE00123456789012345678";"01.02.26";"01.02.26";"FOLGELASTSCHRIFT";"Mitgliedsbeitrag Studio";"DE98ZZZ09999999999";"FITX-2024-771";"";"";"";"";"FitX Deutschland GmbH";"DE00500105170000000000";"GENODEF1XXX";"-29,90";"EUR";"Umsatz gebucht"
"DE00123456789012345678";"15.02.26";"15.02.26";"FOLGELASTSCHRIFT";"Abschlag Strom Kundennr 7782341";"DE00ZZZ00000123456";"SWLG-STROM-7782341";"";"";"";"";"Stadtwerke Lueneburg GmbH";"DE00500105170000000000";"GENODEF1XXX";"-92,50";"EUR";"Umsatz gebucht"
"DE00123456789012345678";"28.02.26";"28.02.26";"GUTSCHRIFT";"Gehalt Lohn/Gehalt";"";"";"";"";"";"";"Beispiel Arbeitgeber GmbH";"DE00500105170000000000";"GENODEF1XXX";"2800,00";"EUR";"Umsatz gebucht"
"DE00123456789012345678";"08.02.26";"08.02.26";"KARTENZAHLUNG";"REWE SAGT DANKE";"";"";"";"";"";"";"REWE Markt GmbH";"DE00500105170000000000";"GENODEF1XXX";"-47,10";"EUR";"Umsatz gebucht"
"DE00123456789012345678";"22.02.26";"22.02.26";"KARTENZAHLUNG";"REWE SAGT DANKE";"";"";"";"";"";"";"REWE Markt GmbH";"DE00500105170000000000";"GENODEF1XXX";"-84,95";"EUR";"Umsatz gebucht"
"DE00123456789012345678";"20.01.25";"20.01.25";"FOLGELASTSCHRIFT";"Amazon Prime Mitgliedschaft";"LU28ZZZ0000000000000005700";"AMZN-PRIME-55";"";"";"";"";"Amazon EU S.a.r.l.";"DE00500105170000000000";"GENODEF1XXX";"-89,90";"EUR";"Umsatz gebucht"
"DE00123456789012345678";"20.01.26";"20.01.26";"FOLGELASTSCHRIFT";"Amazon Prime Mitgliedschaft";"LU28ZZZ0000000000000005700";"AMZN-PRIME-55";"";"";"";"";"Amazon EU S.a.r.l.";"DE00500105170000000000";"GENODEF1XXX";"-89,90";"EUR";"Umsatz gebucht"
"DE00123456789012345678";"12.04.25";"12.04.25";"KARTENZAHLUNG";"MediaMarkt Einkauf";"";"";"";"";"";"";"MediaMarkt Lueneburg";"DE00500105170000000000";"GENODEF1XXX";"-499,00";"EUR";"Umsatz gebucht"